wikidata_id,name,birth_date,birth_year,birth_department,nationalities,is_dual_national,diaspora_region,diaspora_countries,birth_city
Q920749,Fabrice Pancrate,1980-05-02,1980,75,['France'],False,,[],14e arrondissement de Paris
Q27800,Fousséni Diawara,1980-08-28,1980,75,"['France', 'Mali']",True,Sub-Saharan Africa,['Mali'],18e arrondissement de Paris
Q120156,Abdoulaye Meïté,1980-10-06,1980,75,"['France', ""Côte d'Ivoire""]",True,Sub-Saharan Africa,"[""Côte d'Ivoire""]",19e arrondissement de Paris
Q3498943,Steve Haguy,1981-04-24,1981,75,['France'],False,,[],13e arrondissement de Paris
Q3326229,Moussa Sidibé,1981-08-22,1981,75,"['France', 'Mali']",True,Sub-Saharan Africa,['Mali'],16e arrondissement de Paris
Q724024,Selim Benachour,1981-09-08,1981,75,"['France', 'Tunisie']",True,Maghreb,['Tunisie'],11ᵉ arrondissement de Paris
Q2300083,Kemal Bourhani,1981-09-13,1981,75,"['France', 'Comores']",True,Comoros,['Comores'],12e arrondissement de Paris
Q2900767,Biagui Kamissoko,1983-02-09,1983,75,"['France', 'Mali']",True,Sub-Saharan Africa,['Mali'],13e arrondissement de Paris
Q7630047,Stéphane Robinet,1983-05-02,1983,75,['France'],False,,[],14e arrondissement de Paris
Q1607487,Jean-Michel Badiane,1983-05-09,1983,75,['France'],False,,[],9e arrondissement de Paris
Q1989382,Steeve Joseph-Reinette,1983-12-02,1983,75,['France'],False,,[],18e arrondissement de Paris
Q722506,Sylvain Idangar,1984-03-08,1984,75,"['France', 'Tchad']",True,Sub-Saharan Africa,['Tchad'],14e arrondissement de Paris
Q3074108,Florent Marty,1984-03-15,1984,75,['France'],False,,[],18e arrondissement de Paris
Q3155676,Issa Cissokho,1985-02-23,1985,75,"['France', 'Sénégal']",True,Sub-Saharan Africa,['Sénégal'],20e arrondissement de Paris
Q485196,Lassana Diarra,1985-03-10,1985,75,['France'],False,,[],20e arrondissement de Paris
Q1343966,Guillaume Rippert,1985-04-30,1985,75,['France'],False,,[],14e arrondissement de Paris
Q1943,Abou Diaby,1986-05-11,1986,75,"['France', ""Côte d'Ivoire""]",True,Sub-Saharan Africa,"[""Côte d'Ivoire""]",10ᵉ arrondissement de Paris
Q318539,Sébastien Bassong,1986-07-09,1986,75,"['France', 'Cameroun']",True,Sub-Saharan Africa,['Cameroun'],14e arrondissement de Paris
Q39754,Ismaël Traoré,1986-08-18,1986,75,"['France', 'Mali', ""Côte d'Ivoire""]",True,Sub-Saharan Africa,"['Mali', ""Côte d'Ivoire""]",15e arrondissement de Paris
Q3009858,Cédric Avinel,1986-09-11,1986,75,['France'],False,,[],14e arrondissement de Paris
Q2821360,Ablaï Baldé,1986-11-30,1986,75,"['France', 'Sénégal']",True,Sub-Saharan Africa,['Sénégal'],20e arrondissement de Paris
Q4784391,Arassen Ragaven,1987-04-08,1987,75,"['France', 'Maurice']",True,Sub-Saharan Africa,['Maurice'],17e arrondissement de Paris
Q2199171,Matthieu Bemba,1988-03-04,1988,75,['France'],False,,[],10ᵉ arrondissement de Paris
Q3568982,William Sery,1988-03-20,1988,75,['France'],False,,[],19e arrondissement de Paris
Q119849808,Lionel Nomer,1988-07-28,1988,75,['France'],False,,[],19e arrondissement de Paris
Q6201193,Jimmy Roye,1988-09-08,1988,75,['France'],False,,[],12e arrondissement de Paris
Q3201148,Kévin Bru,1988-12-12,1988,75,['France'],False,,[],18e arrondissement de Paris
Q712862,Distel Zola,1989-02-05,1989,75,"['France', 'République démocratique du Congo']",True,Sub-Saharan Africa,['République démocratique du Congo'],12e arrondissement de Paris
Q27735186,Kévin Fortuné,1989-08-06,1989,75,['France'],False,,[],17e arrondissement de Paris
Q312183,Mamadou Sakho,1990-02-13,1990,75,"['France', 'Sénégal']",True,Sub-Saharan Africa,['Sénégal'],18e arrondissement de Paris
Q55955974,Mickaël Diakota,1990-10-06,1990,75,['France'],False,,[],11ᵉ arrondissement de Paris
Q28000334,Salim Mahsas,1991-06-18,1991,75,['Algérie'],False,Maghreb,['Algérie'],13e arrondissement de Paris
Q107122118,Carnejy Antoine,1991-07-27,1991,75,"['France', 'Haïti']",True,Caribbean/Overseas,['Haïti'],18e arrondissement de Paris
Q17579871,Yacine Bammou,1991-09-11,1991,75,"['France', 'Maroc']",True,Maghreb,['Maroc'],13e arrondissement de Paris
Q21622080,Ahmed Mogni,1991-10-10,1991,75,['France'],False,,[],4e arrondissement de Paris
Q5527922,Gauthier Mahoto,1992-02-21,1992,75,"['France', 'République démocratique du Congo']",True,Sub-Saharan Africa,['République démocratique du Congo'],18e arrondissement de Paris
Q5257381,Denis Mayele,1992-06-16,1992,75,"['France', 'République démocratique du Congo']",True,Sub-Saharan Africa,['République démocratique du Congo'],14e arrondissement de Paris
Q7917443,Vauvenargues Kehi,1992-08-07,1992,75,['France'],False,,[],20e arrondissement de Paris
Q27969220,Barkley Miguel Panzo,1992-09-09,1992,75,"['France', 'Angola']",True,Sub-Saharan Africa,['Angola'],12e arrondissement de Paris
Q18002292,Karl Toko-Ekambi,1992-09-14,1992,75,"['France', 'Cameroun']",True,Sub-Saharan Africa,['Cameroun'],20e arrondissement de Paris
Q16235361,Mehdi Fennouche,1993-02-20,1993,75,"['France', 'Algérie']",True,Maghreb,['Algérie'],18e arrondissement de Paris
Q988596,El-Hadji Ba,1993-03-05,1993,75,"['France', 'Mauritanie']",True,Sub-Saharan Africa,['Mauritanie'],15e arrondissement de Paris
Q18637185,Sofiane Boufal,1993-09-17,1993,75,"['France', 'Maroc']",True,Maghreb,['Maroc'],17e arrondissement de Paris
Q33102870,Jean-Claude Billong,1993-12-28,1993,75,['France'],False,,[],13e arrondissement de Paris
Q21622250,Mayingila Nzuzi Mata,1994-05-17,1994,75,"['France', 'République démocratique du Congo']",True,Sub-Saharan Africa,['République démocratique du Congo'],18e arrondissement de Paris
Q27861558,Amadou Diallo,1994-06-21,1994,75,['Guinée'],False,Sub-Saharan Africa,['Guinée'],14e arrondissement de Paris
Q64732678,Philippe Nsiah,1994-10-24,1994,75,"['Ghana', 'France']",True,Sub-Saharan Africa,['Ghana'],12e arrondissement de Paris
Q17580135,Saîf-Eddine Khaoui,1995-04-27,1995,75,"['France', 'Tunisie']",True,Maghreb,['Tunisie'],13e arrondissement de Paris
Q26838700,Issam Ben Khemis,1996-01-10,1996,75,"['France', 'Tunisie']",True,Maghreb,['Tunisie'],20e arrondissement de Paris
Q24006154,Yakou Meïté,1996-02-11,1996,75,"['France', ""Côte d'Ivoire""]",True,Sub-Saharan Africa,"[""Côte d'Ivoire""]",11ᵉ arrondissement de Paris
Q26405575,Ibrahim Cissé,1996-05-02,1996,75,['France'],False,,[],19e arrondissement de Paris
Q58974417,Sammy Vidal,1996-06-28,1996,75,['France'],False,,[],15e arrondissement de Paris
Q107641815,Johan Rotsen,1996-08-11,1996,75,['France'],False,,[],13e arrondissement de Paris
Q37453754,Samuel Moutoussamy,1996-08-12,1996,75,"['France', 'République démocratique du Congo']",True,Sub-Saharan Africa,['République démocratique du Congo'],12e arrondissement de Paris
Q21623356,Arthur Yamga,1996-09-07,1996,75,"['France', 'Cameroun']",True,Sub-Saharan Africa,['Cameroun'],14e arrondissement de Paris
Q54627556,Bryan Labissiere,1997-02-11,1997,75,"['France', 'Haïti']",True,Caribbean/Overseas,['Haïti'],20e arrondissement de Paris
Q29578208,Tristan Muyumba,1997-03-07,1997,75,"['France', 'République démocratique du Congo']",True,Sub-Saharan Africa,['République démocratique du Congo'],10ᵉ arrondissement de Paris
Q29578212,Safwan Mbaé,1997-04-20,1997,75,"['France', 'Comores']",True,Comoros,['Comores'],14e arrondissement de Paris
Q56043527,Yoann Etienne,1997-05-19,1997,75,['France'],False,,[],10ᵉ arrondissement de Paris
Q66810053,Thomas Secchi,1997-06-01,1997,75,['France'],False,,[],14e arrondissement de Paris
Q58494592,Moussa Soumaré,1997-09-06,1997,75,[],False,,[],10ᵉ arrondissement de Paris
Q111522310,Guy2bezbar,1997-12-03,1997,75,['France'],False,,[],18e arrondissement de Paris
Q29046793,Axel Bakayoko,1998-01-06,1998,75,"['France', ""Côte d'Ivoire""]",True,Sub-Saharan Africa,"[""Côte d'Ivoire""]",10ᵉ arrondissement de Paris
Q67777216,Yann Kitala,1998-04-09,1998,75,"['France', 'République démocratique du Congo']",True,Sub-Saharan Africa,['République démocratique du Congo'],20e arrondissement de Paris
Q122264446,Teddy Okou,1998-05-15,1998,75,"['France', ""Côte d'Ivoire""]",True,Sub-Saharan Africa,"[""Côte d'Ivoire""]",12e arrondissement de Paris
Q27049316,Arnaud Nordin,1998-06-17,1998,75,['France'],False,,[],13e arrondissement de Paris
Q65031015,Boubacar Fofana,1998-09-07,1998,75,"['France', 'Mali']",True,Sub-Saharan Africa,['Mali'],13e arrondissement de Paris
Q47170176,Jules Koundé,1998-11-12,1998,75,['France'],False,,[],14e arrondissement de Paris
Q123410299,Kylian Mbappé,1998-12-20,1998,75,"['France', 'Cameroun']",True,Sub-Saharan Africa,['Cameroun'],19e arrondissement de Paris
Q104431746,Mustapha Sangaré,1998-12-24,1998,75,['France'],False,,[],20e arrondissement de Paris
Q44007565,Ervin Taha,1999-03-14,1999,75,['France'],False,,[],12e arrondissement de Paris
Q60736630,Sanasi Sy,1999-04-04,1999,75,"['France', 'Mali']",True,Sub-Saharan Africa,['Mali'],10ᵉ arrondissement de Paris
Q98198176,Mouhamadou Drammeh,1999-05-15,1999,75,"['France', 'Gambie', 'Sénégal']",True,Sub-Saharan Africa,"['Gambie', 'Sénégal']",18e arrondissement de Paris
Q30301454,Ibrahima Konaté,1999-05-25,1999,75,['France'],False,,[],13e arrondissement de Paris
Q56016033,Antoine Bernède,1999-05-26,1999,75,['France'],False,,[],12e arrondissement de Paris
Q51855361,Moussa Diaby,1999-07-07,1999,75,['France'],False,,[],12e arrondissement de Paris
Q28971436,Evan Ndicka,1999-08-20,1999,75,"['France', ""Côte d'Ivoire"", 'Cameroun']",True,Sub-Saharan Africa,"[""Côte d'Ivoire"", 'Cameroun']",20e arrondissement de Paris
Q63228584,Brahima Doukansy,1999-08-21,1999,75,['France'],False,,[],19e arrondissement de Paris
Q115649533,Setigui Karamoko,1999-10-10,1999,75,"['France', ""Côte d'Ivoire""]",True,Sub-Saharan Africa,"[""Côte d'Ivoire""]",18e arrondissement de Paris
Q118219932,Calvin Tshilumba,1999-12-03,1999,75,"['France', 'République démocratique du Congo']",True,Sub-Saharan Africa,['République démocratique du Congo'],11ᵉ arrondissement de Paris
Q63170716,Till Cissokho,2000-02-08,2000,75,"['France', 'Sénégal']",True,Sub-Saharan Africa,['Sénégal'],12e arrondissement de Paris
Q110698082,Randy Mavinga,2000-05-01,2000,75,"['France', 'République démocratique du Congo']",True,Sub-Saharan Africa,['République démocratique du Congo'],19e arrondissement de Paris
Q42000915,Stefano Caille,2000-05-18,2000,75,['France'],False,,[],14e arrondissement de Paris
Q66262368,Yannick Padilla,2000-06-18,2000,75,['France'],False,,[],14e arrondissement de Paris
Q110971659,Amine Salama,2000-07-18,2000,75,"['France', 'Maroc']",True,Maghreb,['Maroc'],15e arrondissement de Paris
Q98562345,Saïd Arab,2000-07-23,2000,75,"['France', 'Algérie']",True,Maghreb,['Algérie'],9e arrondissement de Paris
Q45940576,Lenny Pintor,2000-08-05,2000,75,['France'],False,,[],15e arrondissement de Paris
Q52730245,Enzo Loiodice,2000-11-27,2000,75,['France'],False,,[],12e arrondissement de Paris
Q60050103,Lévi Ntumba,2001-01-12,2001,75,['France'],False,,[],19e arrondissement de Paris
Q99398043,Bandiougou Fadiga,2001-01-15,2001,75,"['France', 'Mali']",True,Sub-Saharan Africa,['Mali'],13e arrondissement de Paris
Q60050196,Mathieu Gonçalves,2001-06-08,2001,75,['France'],False,,[],17e arrondissement de Paris
Q104152203,Wilfried Bedfian,2001-07-09,2001,75,"['France', 'Cameroun']",True,Sub-Saharan Africa,['Cameroun'],14e arrondissement de Paris
Q62963540,Albert Lottin,2001-08-29,2001,75,"['France', 'Cameroun']",True,Sub-Saharan Africa,['Cameroun'],20e arrondissement de Paris
Q105484986,Christopher Wooh,2001-09-18,2001,75,"['France', 'Cameroun']",True,Sub-Saharan Africa,['Cameroun'],17e arrondissement de Paris
Q108228024,Hady Camara,2002-01-17,2002,75,['France'],False,,[],18e arrondissement de Paris
Q106532163,Hermann Tebily,2002-01-24,2002,75,"['France', ""Côte d'Ivoire""]",True,Sub-Saharan Africa,"[""Côte d'Ivoire""]",10ᵉ arrondissement de Paris
Q110969538,Jean-Pierre Tiéhi,2002-01-24,2002,75,"['France', ""Côte d'Ivoire""]",True,Sub-Saharan Africa,"[""Côte d'Ivoire""]",14e arrondissement de Paris
Q99511687,Abdoulaye Sidibé,2002-02-09,2002,75,['France'],False,,[],20e arrondissement de Paris
Q106962957,Mathys Saban,2002-05-15,2002,75,['France'],False,,[],19e arrondissement de Paris
Q105484205,Germain Kapela,2002-05-19,2002,75,"['France', 'République démocratique du Congo']",True,Sub-Saharan Africa,['République démocratique du Congo'],10ᵉ arrondissement de Paris
Q105425298,Sékou Mara,2002-07-30,2002,75,['France'],False,,[],17e arrondissement de Paris
Q106962854,Charles Elyan Costes,2002-09-16,2002,75,['France'],False,,[],11ᵉ arrondissement de Paris
Q109661032,Ibrahima Baldé,2003-01-17,2003,75,"['France', 'Guinée']",True,Sub-Saharan Africa,['Guinée'],20e arrondissement de Paris
Q108186751,Sekou Lega,2003-01-21,2003,75,['France'],False,,[],20e arrondissement de Paris
Q108154933,Nicolas Mercier,2003-01-30,2003,75,['France'],False,,[],13e arrondissement de Paris
Q113429986,Justin Smith,2003-02-04,2003,75,"['Canada', 'France']",True,,[],16e arrondissement de Paris
Q124744501,Obed Nkambadio,2003-02-07,2003,75,['France'],False,,[],14e arrondissement de Paris
Q134487191,Owen Kouassi,2003-04-15,2003,75,"['France', ""Côte d'Ivoire""]",True,Sub-Saharan Africa,"[""Côte d'Ivoire""]",20e arrondissement de Paris
Q123036242,Daouda Weidmann,2003-05-04,2003,75,['France'],False,,[],19e arrondissement de Paris
Q118696035,Andy Elysée Logbo,2004-05-06,2004,75,"['France', ""Côte d'Ivoire""]",True,Sub-Saharan Africa,"[""Côte d'Ivoire""]",10ᵉ arrondissement de Paris
Q119224766,Andréa Dacourt,2005-07-30,2005,75,['France'],False,,[],17e arrondissement de Paris
Q118876868,Bastien Meupiyou,2006-03-19,2006,75,['France'],False,,[],12e arrondissement de Paris
Q3088606,Guillaume Norbert,1980-01-14,1980,92,['France'],False,,[],Châtenay-Malabry
Q118299342,Vincent Agin,1980-02-08,1980,92,['France'],False,,[],Neuilly-sur-Seine
Q3572441,Yohann Rangdet,1980-07-03,1980,,['France'],False,,[],Sèvres
Q44711,Guillaume Lacour,1980-08-02,1980,92,['France'],False,,[],Courbevoie
Q3340308,Nicolas Fabiano,1981-02-08,1981,92,['France'],False,,[],Courbevoie
Q2603409,Mickaël Tacalfred,1981-04-23,1981,92,['France'],False,,[],Colombes
Q317079,Benoît Cheyrou,1981-05-03,1981,92,['France'],False,,[],Suresnes
Q726639,Alaeddine Yahia,1981-09-26,1981,92,"['France', 'Tunisie']",True,Maghreb,['Tunisie'],Colombes
Q313159,Karim Ziani,1982-04-17,1982,,"['France', 'Algérie']",True,Maghreb,['Algérie'],Sèvres
Q933357,Adama Soumare,1982-05-12,1982,92,['France'],False,,[],Meudon
Q2019886,Eddy Viator,1982-06-02,1982,92,['France'],False,,[],Colombes
Q16654660,Leila Meflah,1982-06-09,1982,92,"['France', 'Algérie']",True,Maghreb,['Algérie'],Clamart
Q31903,David Bellion,1982-11-27,1982,,['France'],False,,[],Sèvres
Q2388913,Amick Ciani,1982-12-01,1982,92,['France'],False,,[],Clichy
Q5642328,Halim Medaci,1983-04-20,1983,92,['Algérie'],False,Maghreb,['Algérie'],Nanterre
Q1893917,Marco Ramos,1983-04-26,1983,92,['Portugal'],False,Portugal,['Portugal'],Levallois-Perret
Q6169554,Jean-Marc Oroque,1983-06-10,1983,,['France'],False,,[],Bourg-la-Reine
Q7147346,Patrick Noubissié,1983-06-25,1983,92,['France'],False,,[],Bois-Colombes
Q3290160,Marco Randrianantoanina,1983-08-24,1983,,['France'],False,,[],Bourg-la-Reine
Q388530,Damien Perrinelle,1983-09-12,1983,92,['France'],False,,[],Suresnes
Q3266248,Ludwig Norbert,1983-11-19,1983,92,['France'],False,,[],Châtenay-Malabry
Q1822790,Éric Marester,1984-06-12,1984,,['France'],False,,[],Villeneuve-la-Garenne
Q3709243,Windsor Noncent,1984-06-12,1984,92,['Haïti'],False,Caribbean/Overseas,['Haïti'],Clichy
Q6838494,Mickaël Brisset,1985-03-26,1985,92,['France'],False,,[],Issy-les-Moulineaux
Q937776,Jonathan Bru,1985-05-02,1985,92,"['France', 'Maurice']",True,Sub-Saharan Africa,['Maurice'],Neuilly-sur-Seine
Q296341,Demba Ba,1985-05-25,1985,,"['France', 'Sénégal']",True,Sub-Saharan Africa,['Sénégal'],Sèvres
Q1377528,Olivier Veigneau,1985-07-16,1985,92,['France'],False,,[],Suresnes
Q2048875,Samy Houri,1985-08-09,1985,92,['France'],False,,[],Asnières-sur-Seine
Q2253553,Gauthier Diafutua,1985-11-04,1985,92,['France'],False,,[],Levallois-Perret
Q24258852,Lahoucine Kharbouch,1986-01-14,1986,92,['France'],False,,[],La Garenne-Colombes
Q128994,Garra Dembélé,1986-02-21,1986,92,"['France', 'Mali']",True,Sub-Saharan Africa,['Mali'],Gennevilliers
Q6926404,Mouty Ousseni,1986-04-03,1986,,['France'],False,,[],Sèvres
Q2458153,Quentin Westberg,1986-04-25,1986,92,"['France', 'États-Unis']",True,,[],Suresnes
Q7386136,Rémy Dugimont,1986-07-01,1986,,['France'],False,,[],Saint-Cloud
Q145431,Aatif Chahechouhe,1986-07-02,1986,92,['France'],False,,[],Fontenay-aux-Roses
Q274767,Élodie Thomis,1986-08-13,1986,92,['France'],False,,[],Colombes
Q3128170,Hassan Ouboukar,1986-08-15,1986,92,"['France', 'Maroc']",True,Maghreb,['Maroc'],Puteaux
Q108278290,Nabila Idoughi,1986-11-03,1986,92,"['France', 'Algérie']",True,Maghreb,['Algérie'],Meudon
Q51858064,Romain Carbonnier,1987-02-08,1987,92,['France'],False,,[],Asnières-sur-Seine
Q703456,Modibo Diakité,1987-03-02,1987,,['France'],False,,[],Bourg-la-Reine
Q1928,Hatem Ben Arfa,1987-03-07,1987,92,"['France', 'Tunisie']",True,Maghreb,['Tunisie'],Clamart
Q718248,Issiar Dia,1987-06-08,1987,,['France'],False,,[],Sèvres
Q6274189,Jonathan Pérez,1987-06-18,1987,92,['France'],False,,[],Clamart
Q27735362,Ernest Seka,1987-06-22,1987,92,['France'],False,,[],Clichy
Q8048092,Yamoudou Camara,1987-08-12,1987,,['France'],False,,[],Sèvres
Q6370621,Karim Meliani,1987-09-03,1987,92,"['France', 'Algérie']",True,Maghreb,['Algérie'],Nanterre
Q2977301,Claude Dielna,1987-12-14,1987,92,['France'],False,,[],Clichy
Q18744793,Yann Kerboriou,1988-02-05,1988,92,['France'],False,,[],Clamart
Q2705713,Allan Nyom,1988-05-10,1988,92,"['France', 'Cameroun']",True,Sub-Saharan Africa,['Cameroun'],Neuilly-sur-Seine
Q7932020,Vincent Ramaël,1988-06-22,1988,92,['France'],False,,[],Clamart
Q18744696,Bagaliy Dabo,1988-07-27,1988,92,"['France', 'Sénégal']",True,Sub-Saharan Africa,['Sénégal'],Clichy
Q3318286,Mohamadou Sissoko,1988-08-08,1988,,['France'],False,,[],Villeneuve-la-Garenne
Q442492,Steven Nzonzi,1988-12-15,1988,92,['France'],False,,[],La Garenne-Colombes
Q2274101,Dominique Malonga,1989-01-08,1989,92,"['France', 'République du Congo']",True,Sub-Saharan Africa,['République du Congo'],Châtenay-Malabry
Q27822,Paul Lasne,1989-01-16,1989,,['France'],False,,[],Saint-Cloud
Q2681416,Raoul Loé,1989-01-31,1989,92,['France'],False,,[],Courbevoie
Q6280923,Joseph Agyiriba,1989-02-13,1989,92,"['Ghana', 'France']",True,Sub-Saharan Africa,['Ghana'],Colombes
Q7283328,Rahavi Kifouéti,1989-03-12,1989,92,"['France', 'République du Congo']",True,Sub-Saharan Africa,['République du Congo'],Issy-les-Moulineaux
Q6784782,Massiré Kanté,1989-03-31,1989,92,"['France', 'Mali', 'Sénégal']",True,Sub-Saharan Africa,"['Mali', 'Sénégal']",Courbevoie
Q311347,David Ngog,1989-04-01,1989,92,['France'],False,,[],Gennevilliers
Q29050189,Redouane Zerzouri,1989-04-27,1989,92,"['France', 'Maroc']",True,Maghreb,['Maroc'],Colombes
Q16855395,Kamel Yesli,1989-07-24,1989,92,['Algérie'],False,Maghreb,['Algérie'],Fontenay-aux-Roses
Q2834100,Alexandre Vardin,1989-09-18,1989,92,['France'],False,,[],Colombes
Q19520000,Moussa Sao,1989-10-17,1989,92,"['France', 'Sénégal']",True,Sub-Saharan Africa,['Sénégal'],Fontenay-aux-Roses
Q6721579,Mabiala Brandon,1989-11-05,1989,92,['France'],False,,[],Issy-les-Moulineaux
Q334890,Sofiane Feghouli,1989-12-26,1989,92,"['France', 'Algérie']",True,Maghreb,['Algérie'],Levallois-Perret
Q21091624,Mehdi Tahrat,1990-01-24,1990,92,"['France', 'Algérie']",True,Maghreb,['Algérie'],Meudon
Q24834628,Quentin Jean Henri Lendresse,1990-03-06,1990,92,['France'],False,,[],Neuilly-sur-Seine
Q18631299,Achille Campion,1990-03-10,1990,92,['France'],False,,[],Levallois-Perret
Q4840963,Badis Lebbihi,1990-03-14,1990,92,['Algérie'],False,Maghreb,['Algérie'],Nanterre
Q6274630,Jonathan Toto,1990-03-30,1990,92,['France'],False,,[],Colombes
Q107565850,Colman Makouké,1990-06-07,1990,92,[],False,,[],Colombes
Q4819662,Aude Moreau,1990-08-05,1990,92,['France'],False,,[],Neuilly-sur-Seine
Q31992,Abdoulaye Keita,1990-08-16,1990,92,"['France', 'Mali']",True,Sub-Saharan Africa,['Mali'],Clichy
Q3812986,Karim Boudiaf,1990-09-16,1990,92,"['France', 'Qatar']",True,,[],Rueil-Malmaison
Q2467934,Bengali-Fodé Koita,1990-10-21,1990,92,['France'],False,,[],Antony
Q579231,Eliaquim Mangala,1991-02-13,1991,92,['France'],False,,[],Colombes
Q3559838,Vincent Sasso,1991-02-16,1991,,['France'],False,,[],Saint-Cloud
Q8338725,Riyad Mahrez,1991-02-21,1991,92,"['France', 'Algérie']",True,Maghreb,['Algérie'],Clichy
Q4665163,Abdoulaide Mzé Mbaba,1991-03-04,1991,92,['France'],False,,[],Nanterre
Q430757,William Rémy,1991-04-04,1991,92,['France'],False,,[],Courbevoie
Q7111366,Ousseynou Cissé,1991-04-07,1991,92,"['France', 'Mali', 'Sénégal']",True,Sub-Saharan Africa,"['Mali', 'Sénégal']",Suresnes
Q2821368,Abdoulaye Diaby,1991-05-21,1991,92,"['France', 'Mali']",True,Sub-Saharan Africa,['Mali'],Nanterre
Q5612770,Grégoire Defrel,1991-06-17,1991,92,['France'],False,,[],Meudon
Q16234129,Jessy Reindorf,1991-07-10,1991,92,['Rwanda'],False,Sub-Saharan Africa,['Rwanda'],Bagneux
Q6453717,Kévin Malcuit,1991-07-31,1991,92,"['France', 'Maroc']",True,Maghreb,['Maroc'],Châtenay-Malabry
Q304677,Souleymane Doukara,1991-09-29,1991,92,"['France', 'Mauritanie', 'Sénégal']",True,Sub-Saharan Africa,"['Mauritanie', 'Sénégal']",Meudon
Q116487,Nicolas Isimat-Mirin,1991-11-15,1991,92,['France'],False,,[],Meudon
Q60050101,Bobby Allain,1991-11-28,1991,92,"['France', 'Royaume-Uni']",True,,[],Clamart
Q47457154,Josué Albert,1992-01-21,1992,92,['France'],False,,[],Colombes
Q14623228,Mona Lohmann,1992-02-22,1992,92,['Allemagne'],False,Other Europe,['Allemagne'],Rueil-Malmaison
Q23771227,Jules Diouf,1992-03-05,1992,92,['France'],False,,[],Neuilly-sur-Seine
Q16234868,Roy Odiaka,1992-03-22,1992,92,['France'],False,,[],Colombes
Q6307286,Julian Jeanvier,1992-03-31,1992,92,['France'],False,,[],Clichy
Q18002296,Yoann Wachter,1992-04-07,1992,92,['France'],False,,[],Courbevoie
Q20972386,Gauthier Madjo-Matsingi,1992-04-27,1992,92,"['France', 'République démocratique du Congo']",True,Sub-Saharan Africa,['République démocratique du Congo'],Clichy
Q6846295,Mike Cestor,1992-04-30,1992,92,['France'],False,,[],Bagneux
Q6320136,Jérémy Hélan,1992-05-09,1992,92,['France'],False,,[],Clichy
Q16149338,Adama Soumaoro,1992-06-18,1992,92,['France'],False,,[],Fontenay-aux-Roses
Q16739397,Khassa Camara,1992-10-22,1992,92,"['France', 'Mauritanie']",True,Sub-Saharan Africa,['Mauritanie'],Châtenay-Malabry
Q35495921,Timothée Taufflieb,1992-12-01,1992,92,['France'],False,,[],Colombes
Q21055179,Rénald Metelus,1993-01-06,1993,92,['France'],False,,[],Levallois-Perret
Q3954880,Selim Haroun Nzé,1993-02-04,1993,92,['Gabon'],False,Sub-Saharan Africa,['Gabon'],Boulogne-Billancourt
Q17488207,Jonathan Beaulieu,1993-03-11,1993,92,"['Portugal', 'France']",True,Portugal,['Portugal'],Meudon
Q108383673,Arnaud Honoré,1993-03-22,1993,92,['France'],False,,[],Suresnes
Q129058,Ilan Boccara,1993-05-14,1993,92,"['France', 'Royaume des Pays-Bas']",True,,[],Boulogne-Billancourt
Q20641677,Allan Zebie,1993-05-29,1993,92,"['Canada', 'France', ""Côte d'Ivoire""]",True,Sub-Saharan Africa,"[""Côte d'Ivoire""]",Rueil-Malmaison
Q4830326,Axel Ngando,1993-07-13,1993,92,['France'],False,,[],Asnières-sur-Seine
Q18022077,Jason Bli,1993-11-02,1993,92,"['France', ""Côte d'Ivoire""]",True,Sub-Saharan Africa,"[""Côte d'Ivoire""]",Clichy
Q5336652,Eddy Gnahoré,1993-11-14,1993,,['France'],False,,[],Villeneuve-la-Garenne
Q26405765,Jordan Pierre-Charles,1993-11-26,1993,92,['France'],False,,[],Levallois-Perret
Q7983941,Wesley Jobello,1994-01-23,1994,92,['France'],False,,[],Gennevilliers
Q16916422,Duckens Nazon,1994-04-07,1994,92,"['France', 'Haïti']",True,Caribbean/Overseas,['Haïti'],Châtenay-Malabry
Q58494887,Loïc Kouagba,1994-06-09,1994,92,"['France', ""Côte d'Ivoire""]",True,Sub-Saharan Africa,"[""Côte d'Ivoire""]",Clamart
Q16236147,Adel Gafaiti,1994-07-16,1994,92,"['France', 'Algérie']",True,Maghreb,['Algérie'],Nanterre
Q20745085,Daudet N'Dongala,1994-09-16,1994,92,['France'],False,,[],Clichy
Q15820881,Jean-Charles Castelletto,1995-01-26,1995,92,"['France', 'Cameroun']",True,Sub-Saharan Africa,['Cameroun'],Clamart
Q23770354,Zakarie Labidi,1995-02-08,1995,,"['France', 'Tunisie']",True,Maghreb,['Tunisie'],Villeneuve-la-Garenne
Q19578067,Sada Thioub,1995-06-01,1995,92,"['France', 'Sénégal']",True,Sub-Saharan Africa,['Sénégal'],Nanterre
Q27663554,Mickaël Latour,1995-09-16,1995,92,['France'],False,,[],Rueil-Malmaison
Q36292992,Olivier Verdon,1995-10-05,1995,92,['France'],False,,[],Clamart
Q22963474,Moïse Adilehou,1995-11-01,1995,92,"['France', 'Bénin']",True,Sub-Saharan Africa,['Bénin'],Colombes
Q66809909,Marvin Geran,1996-01-01,1996,92,['France'],False,,[],Châtenay-Malabry
Q23772072,Bryan Alceus,1996-02-01,1996,92,"['France', 'Haïti']",True,Caribbean/Overseas,['Haïti'],Colombes
Q33019174,Pauline Dhaeyer,1996-03-27,1996,92,['France'],False,,[],Clamart
Q55956285,Joyskim Dawa,1996-04-09,1996,92,"['France', 'Cameroun']",True,Sub-Saharan Africa,['Cameroun'],Colombes
Q97743870,Chloé N'Gazi,1996-06-06,1996,92,"['France', 'Algérie']",True,Maghreb,['Algérie'],Meudon
Q30729319,Manoubi Haddad,1996-08-23,1996,92,"['France', 'Tunisie']",True,Maghreb,['Tunisie'],Clamart
Q37544927,Cécé Pepe,1996-11-09,1996,92,['France'],False,,[],Clichy
Q18057053,Maxime Do Couto Teixeira,1996-12-13,1996,92,"['Portugal', 'France', 'Cameroun']",True,Sub-Saharan Africa,"['Portugal', 'Cameroun']",Neuilly-sur-Seine
Q104444240,Margaux Dautun,1997-01-31,1997,92,['France'],False,,[],Châtenay-Malabry
Q19842431,Anissa Lahmari,1997-02-17,1997,,"['France', 'Algérie', 'Maroc']",True,Maghreb,"['Algérie', 'Maroc']",Saint-Cloud
Q42381497,Guévin Tormin,1997-03-07,1997,92,['France'],False,,[],Asnières-sur-Seine
Q15044053,abdou_haithem,1997-03-12,1997,92,['France'],False,,[],Châtenay-Malabry
Q29578210,Dylan Beaulieu,1997-05-05,1997,92,['France'],False,,[],Meudon
Q101209753,Waly Diouf,1997-05-05,1997,92,"['France', 'Sénégal']",True,Sub-Saharan Africa,['Sénégal'],Neuilly-sur-Seine
Q38523692,Lorenzo Rajot,1997-10-13,1997,,['France'],False,,[],Saint-Cloud
Q22003400,Ludovic Blas,1997-12-31,1997,92,['France'],False,,[],Colombes
Q58010378,Bakary Sissoko,1998-01-11,1998,,"['France', 'Mali']",True,Sub-Saharan Africa,['Mali'],Sèvres
Q96045567,Élisa De Almeida,1998-01-11,1998,92,"['Portugal', 'France']",True,Portugal,['Portugal'],Châtenay-Malabry
Q66095731,Brice Tutu,1998-01-11,1998,92,['France'],False,,[],Clichy
Q68832338,Pape-Alioune Ndiaye,1998-02-04,1998,92,['France'],False,,[],Nanterre
Q20666393,Lorenzo Callegari,1998-02-27,1998,92,"['Italie', 'France']",True,Other Europe,['Italie'],Meudon
Q60050087,Issa Marega,1998-04-20,1998,,['France'],False,,[],Sèvres
Q66093697,Matthieu Huard,1998-05-09,1998,92,['France'],False,,[],Neuilly-sur-Seine
Q27663800,Abdoulaye Sissako,1998-05-26,1998,92,['France'],False,,[],Clichy
Q30930110,Louis Yamaguchi,1998-05-28,1998,92,"['France', 'Japon']",True,Asia,['Japon'],La Garenne-Colombes
Q26251607,Jeanricner Bellegarde,1998-06-27,1998,92,['France'],False,,[],Colombes
Q60286885,Romain Faivre,1998-07-14,1998,92,['France'],False,,[],Asnières-sur-Seine
Q66948587,Charles-Andreas Brym,1998-08-08,1998,92,"['Canada', 'France']",True,,[],Colombes
Q20666609,Alec Georgen,1998-09-17,1998,92,['France'],False,,[],Clamart
Q125775267,Merwan Ifnaoui,1998-10-22,1998,92,"['France', 'Maroc']",True,Maghreb,['Maroc'],Colombes
Q26203389,Marie-Antoinette Katoto,1998-11-01,1998,92,"['France', 'République démocratique du Congo']",True,Sub-Saharan Africa,['République démocratique du Congo'],Colombes
Q100165514,Virgil Thérésin,1999-01-20,1999,92,['France'],False,,[],Suresnes
Q100868899,Dan Nlundulu,1999-02-05,1999,92,"['France', 'Royaume-Uni', 'République démocratique du Congo']",True,Sub-Saharan Africa,['République démocratique du Congo'],Fontenay-aux-Roses
Q41999829,Sambou Sissoko,1999-04-27,1999,92,"['France', 'Mali']",True,Sub-Saharan Africa,['Mali'],Clamart
Q110626944,Thomas Chesneau,1999-04-28,1999,,['France'],False,,[],Sèvres
Q112245233,Yohan Marmot,1999-07-22,1999,92,['France'],False,,[],Colombes
Q64009979,Allan Linguet,1999-08-17,1999,,['France'],False,,[],Sèvres
Q59180476,Matthias Phaëton,2000-01-08,2000,92,['France'],False,,[],Colombes
Q54669922,Sandy Baltimore,2000-02-19,2000,92,['France'],False,,[],Colombes
Q55775053,Abdourahmane Barry,2000-02-21,2000,92,['France'],False,,[],Courbevoie
Q45951841,William Bianda,2000-04-30,2000,92,"['France', 'Cameroun']",True,Sub-Saharan Africa,['Cameroun'],Suresnes
Q72423886,Omar Yaisien,2000-05-08,2000,92,[],False,,[],Colombes
Q60050172,Valentin Gendrey,2000-06-21,2000,92,['France'],False,,[],La Garenne-Colombes
Q107268874,Sabah Seghir,2000-09-27,2000,92,"['France', 'Maroc']",True,Maghreb,['Maroc'],Colombes
Q84813794,Moussa Sissako,2000-11-10,2000,92,"['France', 'Mali']",True,Sub-Saharan Africa,['Mali'],Clichy
Q65955825,Tanguy Coulibaly,2001-02-18,2001,,"['France', 'Mali', ""Côte d'Ivoire""]",True,Sub-Saharan Africa,"['Mali', ""Côte d'Ivoire""]",Sèvres
Q98169570,Thibault Tamas,2001-02-20,2001,92,['France'],False,,[],Colombes
Q110575533,Yanis Guermouche,2001-04-15,2001,92,"['France', 'Algérie']",True,Maghreb,['Algérie'],Neuilly-sur-Seine
Q64029237,Manu Koné,2001-05-17,2001,92,['France'],False,,[],Colombes
Q69949105,Darell Tokpa,2001-06-02,2001,92,[],False,,[],Colombes
Q99658450,Tyrone Tormin,2001-06-29,2001,92,['France'],False,,[],Clichy
Q63699339,Arthur Zagré,2001-10-04,2001,92,['France'],False,,[],Neuilly-sur-Seine
Q98092703,Sana Guermazi,2001-11-03,2001,92,['France'],False,,[],Clichy
Q123126696,Clément Akpa,2001-11-24,2001,92,['France'],False,,[],Meudon
Q96382896,Thelma Eninger,2001-12-23,2001,92,['France'],False,,[],Clamart
Q70068408,Arnaud Kalimuendo,2002-01-20,2002,92,"['France', 'République démocratique du Congo']",True,Sub-Saharan Africa,['République démocratique du Congo'],Suresnes
Q74048217,Chrislain Matsima,2002-05-15,2002,92,"['France', 'République du Congo', 'République démocratique du Congo']",True,Sub-Saharan Africa,"['République du Congo', 'République démocratique du Congo']",Nanterre
Q109658687,Owen Gene,2003-03-19,2003,92,['France'],False,,[],Nanterre
Q102068584,Mathyas Randriamamy,2003-04-23,2003,92,"['France', 'Madagascar']",True,Sub-Saharan Africa,['Madagascar'],Clamart
Q106776925,Andy Diouf,2003-05-17,2003,92,"['France', 'Sénégal']",True,Sub-Saharan Africa,['Sénégal'],Neuilly-sur-Seine
Q110781349,Loup Diwan Gueho,2004-01-01,2004,,['France'],False,,[],Bourg-la-Reine
Q120637805,Yanis da Rocha,2004-01-01,2004,92,['Portugal'],False,Portugal,['Portugal'],Colombes
Q116762532,Aïman Maurer,2004-09-25,2004,92,"['France', 'Maroc']",True,Maghreb,['Maroc'],Neuilly-sur-Seine
Q108649628,Yoan Koré,2004-11-16,2004,,['France'],False,,[],Bourg-la-Reine
Q126012270,Lucas Michal,2005-06-22,2005,,['France'],False,,[],Bourg-la-Reine
Q125940002,Noah Edjouma,2005-10-04,2005,92,['France'],False,,[],Clamart
Q112207939,Alexis Kabamba,2005-10-15,2005,92,['France'],False,,[],Neuilly-sur-Seine
Q121890313,Daniel Oppong Nyantakyi,2006-09-05,2006,92,"['France', 'Ghana']",True,Sub-Saharan Africa,['Ghana'],La Garenne-Colombes
Q118859388,Joachim Kayi Sanda,2006-11-29,2006,92,['France'],False,,[],Antony
Q122946785,Lucas Villa Valencia,2006-12-25,2006,92,"['France', 'Colombie']",True,,[],La Garenne-Colombes
Q16221255,Zahir Belounis,1980-02-15,1980,94,['France'],False,,[],Saint-Maur-des-Fossés
Q2926924,Bruno Pompière,1980-06-10,1980,,['France'],False,,[],Saint-Maurice
Q3192325,Kamal Tassali,1980-09-21,1980,94,['France'],False,,[],Créteil
Q817639,Benjamin Nicaise,1980-09-28,1980,94,['France'],False,,[],Maisons-Alfort
Q514919,Laëtitia Tonazzi,1981-01-31,1981,94,['France'],False,,[],Créteil
Q704500,Franck Signorino,1981-09-19,1981,94,['France'],False,,[],Nogent-sur-Marne
Q6728247,Madjid Bouabdellah,1981-10-30,1981,94,['Algérie'],False,Maghreb,['Algérie'],Ivry-sur-Seine
Q7279497,Rachid Bachiri,1981-12-08,1981,94,['France'],False,,[],Créteil
Q5277483,Dimitri Durand,1982-04-02,1982,94,['France'],False,,[],Champigny-sur-Marne
Q97694288,Aliette Mousnier-Lompre,1982-10-09,1982,94,['France'],False,,[],Ivry-sur-Seine
Q918930,Mickaël Tavares,1982-10-25,1982,94,"['France', 'Sénégal']",True,Sub-Saharan Africa,['Sénégal'],Villeneuve-Saint-Georges
Q6745349,Mamadi Berthe,1983-01-17,1983,94,"['France', 'Mali']",True,Sub-Saharan Africa,['Mali'],Nogent-sur-Marne
Q1966763,Kévin Diaz,1983-04-11,1983,94,['France'],False,,[],Saint-Maur-des-Fossés
Q391490,Mehdi Taouil,1983-05-20,1983,94,['France'],False,,[],Villeneuve-Saint-Georges
Q3190743,Jérémy De Magalhaes,1983-11-21,1983,94,['France'],False,,[],Ivry-sur-Seine
Q445477,Alaixys Romao,1984-01-18,1984,,"['France', 'Togo']",True,Sub-Saharan Africa,['Togo'],L'Haÿ-les-Roses
Q2550998,Jimmy Kébé,1984-01-19,1984,94,"['France', 'Mali']",True,Sub-Saharan Africa,['Mali'],Vitry-sur-Seine
Q96405917,Sofian Kheyari,1984-01-27,1984,94,['France'],False,,[],Alfortville
Q1321226,Samuel Piètre,1984-02-10,1984,94,['France'],False,,[],Villeneuve-Saint-Georges
Q2735246,David Fleurival,1984-02-19,1984,94,['France'],False,,[],Vitry-sur-Seine
Q936621,Jacques Faty,1984-02-25,1984,94,"['France', 'Sénégal']",True,Sub-Saharan Africa,['Sénégal'],Villeneuve-Saint-Georges
Q334554,Christopher Samba,1984-03-28,1984,94,"['France', 'République du Congo']",True,Sub-Saharan Africa,['République du Congo'],Créteil
Q3098126,Therry Racon,1984-05-01,1984,94,['France'],False,,[],Villeneuve-Saint-Georges
Q329501,Hassan Yebda,1984-05-14,1984,,"['France', 'Algérie']",True,Maghreb,['Algérie'],Saint-Maurice
Q1381598,Wissam El Bekri,1984-06-16,1984,94,"['France', 'Tunisie']",True,Maghreb,['Tunisie'],Thiais
Q10445473,Jessie Londas,1985-01-12,1985,94,['France'],False,,[],Créteil
Q350107,Sol Bamba,1985-01-13,1985,94,"['France', ""Côte d'Ivoire""]",True,Sub-Saharan Africa,"[""Côte d'Ivoire""]",Ivry-sur-Seine
Q2831001,Albert Budak,1985-01-27,1985,94,"['Turquie', 'France']",True,Other Europe,['Turquie'],Créteil
Q3183453,Jonathan Roufosse,1985-04-10,1985,94,['France'],False,,[],Vitry-sur-Seine
Q31684,Nicolas Maurice-Belay,1985-04-19,1985,94,['France'],False,,[],Sucy-en-Brie
Q7336673,Ritchie Makuma Mpasa,1985-05-06,1985,94,['France'],False,,[],Vitry-sur-Seine
Q342312,Jimmy Briand,1985-08-02,1985,94,['France'],False,,[],Vitry-sur-Seine
Q15783969,Armelle Lago,1986-01-05,1986,94,['France'],False,,[],Ivry-sur-Seine
Q3292166,Marie-Océane Bayol,1986-01-21,1986,94,['France'],False,,[],Nogent-sur-Marne
Q3499258,Steven Pinto-Borges,1986-03-26,1986,94,"['France', 'Portugal']",True,Portugal,['Portugal'],Vitry-sur-Seine
Q31775,Yoan Gouffran,1986-05-25,1986,94,['France'],False,,[],Villeneuve-Saint-Georges
Q6727757,Madimoussa Traoré,1986-06-11,1986,94,"['France', 'Mali']",True,Sub-Saharan Africa,['Mali'],Choisy-le-Roi
Q1354984,Jean-Eudes Maurice,1986-06-21,1986,94,"['France', 'Haïti']",True,Caribbean/Overseas,['Haïti'],Alfortville
Q19957212,Danilson da Cruz,1986-06-28,1986,94,['France'],False,,[],Créteil
Q378790,Ricardo Faty,1986-08-04,1986,94,['France'],False,,[],Villeneuve-Saint-Georges
Q39751,Richard Soumah,1986-10-06,1986,94,['France'],False,,[],Créteil
Q5285260,Djaïd Kasri,1987-02-27,1987,94,['Algérie'],False,Maghreb,['Algérie'],Villeneuve-Saint-Georges
Q2552765,Jérémy Taravel,1987-04-17,1987,94,['France'],False,,[],Vincennes
Q7377690,Rudy Saintini,1987-05-02,1987,94,['France'],False,,[],Ivry-sur-Seine
Q380128,Mohamed Diamé,1987-06-14,1987,94,['France'],False,,[],Créteil
Q7932043,Vincent Scotté,1987-07-16,1987,94,['France'],False,,[],Vincennes
Q2081418,Djombo N'Guessan,1987-08-11,1987,94,['France'],False,,[],Ivry-sur-Seine
Q3177093,Jennifer Moresco,1987-11-29,1987,,['France'],False,,[],L'Haÿ-les-Roses
Q1358908,Yannick Boli,1988-01-13,1988,94,"['France', ""Côte d'Ivoire""]",True,Sub-Saharan Africa,"[""Côte d'Ivoire""]",Saint-Maur-des-Fossés
Q4712373,Albin Hodza,1988-02-07,1988,94,['France'],False,,[],Choisy-le-Roi
Q10492312,Yoann Tribeau,1988-02-26,1988,94,['France'],False,,[],Villeneuve-Saint-Georges
Q2630984,Azrack Mahamat,1988-03-24,1988,94,['France'],False,,[],Créteil
Q401771,Bakary Sako,1988-04-26,1988,94,"['France', 'Mali']",True,Sub-Saharan Africa,['Mali'],Ivry-sur-Seine
Q614618,Wilfried Domoraud,1988-08-18,1988,94,"['France', ""Côte d'Ivoire""]",True,Sub-Saharan Africa,"[""Côte d'Ivoire""]",Maisons-Alfort
Q3101093,Geoffrey Lembet,1988-09-23,1988,94,"['France', 'République centrafricaine']",True,Sub-Saharan Africa,['République centrafricaine'],Villeneuve-Saint-Georges
Q3285139,Mana Dembélé,1988-11-29,1988,94,"['France', 'Mali']",True,Sub-Saharan Africa,['Mali'],Ivry-sur-Seine
Q2624280,Gaëtan Charbonnier,1988-12-27,1988,94,['France'],False,,[],Saint-Mandé
Q3954883,Selim Ben Djemia,1989-01-29,1989,94,"['France', 'Tunisie']",True,Maghreb,['Tunisie'],Thiais
Q60594,Franck Tabanou,1989-01-30,1989,94,['France'],False,,[],Thiais
Q2947172,Adam Shaiek,1989-04-06,1989,94,['France'],False,,[],Champigny-sur-Marne
Q64526817,Kani Konté,1989-04-13,1989,94,['Mali'],False,Sub-Saharan Africa,['Mali'],Choisy-le-Roi
Q21872401,Mickaël Alphonse,1989-07-12,1989,94,['France'],False,,[],Champigny-sur-Marne
Q17279293,Diaranké Fofana,1989-07-14,1989,94,"['France', 'Mali']",True,Sub-Saharan Africa,['Mali'],Créteil
Q56043863,Ibréhima Coulibaly,1989-08-30,1989,94,['Mauritanie'],False,Sub-Saharan Africa,['Mauritanie'],Créteil
Q7615611,Stevie Riga,1989-09-15,1989,94,['France'],False,,[],Sucy-en-Brie
Q97949490,Jean-Charles Blanpin,1989-10-29,1989,94,['France'],False,,[],Nogent-sur-Marne
Q6320125,Jérémy Cordoval,1990-01-12,1990,94,['France'],False,,[],Villeneuve-Saint-Georges
Q39749,Tripy Makonda,1990-01-24,1990,94,"['France', 'République du Congo']",True,Sub-Saharan Africa,['République du Congo'],Ivry-sur-Seine
Q3134407,Hervé Bazile,1990-03-18,1990,94,['France'],False,,[],Créteil
Q863156,Billy Ketkeophomphone,1990-03-24,1990,94,"['France', 'Laos']",True,Asia,['Laos'],Champigny-sur-Marne
Q2310422,Magaye Gueye,1990-07-06,1990,94,"['France', 'Sénégal']",True,Sub-Saharan Africa,['Sénégal'],Nogent-sur-Marne
Q21621308,Nama Fofana,1990-07-12,1990,94,"['France', 'Mali']",True,Sub-Saharan Africa,['Mali'],Créteil
Q35487943,Maxime Biamou,1990-11-13,1990,94,['France'],False,,[],Créteil
Q6469746,Ladjie Soukouna,1990-12-15,1990,94,['France'],False,,[],Maisons-Alfort
Q1718258,Sofiane Hanni,1990-12-29,1990,94,"['France', 'Algérie']",True,Maghreb,['Algérie'],Ivry-sur-Seine
Q1429807,Florian Makhedjouf,1991-01-11,1991,94,"['France', 'Algérie']",True,Maghreb,['Algérie'],Ivry-sur-Seine
Q1988142,Maxime Bourgeois,1991-02-03,1991,94,['France'],False,,[],Sucy-en-Brie
Q21622903,Slimane Sissoko,1991-03-20,1991,94,['France'],False,,[],Créteil
Q932982,Cédric Bakambu,1991-04-11,1991,94,"['France', 'République démocratique du Congo']",True,Sub-Saharan Africa,['République démocratique du Congo'],Vitry-sur-Seine
Q2475704,Adrien Regattin,1991-08-22,1991,94,"['France', 'Maroc']",True,Maghreb,['Maroc'],Champigny-sur-Marne
Q27671296,David Alcibiade,1991-09-26,1991,94,['France'],False,,[],Créteil
Q6276517,Jordan Faucher,1991-11-06,1991,94,['Algérie'],False,Maghreb,['Algérie'],Créteil
Q774660,Annaïg Butel,1992-02-15,1992,94,['France'],False,,[],Ivry-sur-Seine
Q4848705,Baïssama Sankoh,1992-03-20,1992,94,"['France', 'Guinée']",True,Sub-Saharan Africa,['Guinée'],Nogent-sur-Marne
Q3878970,Nouha Dicko,1992-05-14,1992,,"['France', 'Mali']",True,Sub-Saharan Africa,['Mali'],Saint-Maurice
Q6738677,Makan Traoré,1992-05-26,1992,94,"['France', 'Mali']",True,Sub-Saharan Africa,['Mali'],Ivry-sur-Seine
Q774718,Amadou Soukouna,1992-06-21,1992,94,"['France', 'Mali']",True,Sub-Saharan Africa,['Mali'],Fontenay-sous-Bois
Q30124785,Ibrahima Dabo,1992-07-22,1992,94,['France'],False,,[],Créteil
Q6835972,Jordan Nkololo,1992-11-09,1992,94,"['France', 'République démocratique du Congo']",True,Sub-Saharan Africa,['République démocratique du Congo'],Créteil
Q62334264,Florian David,1992-11-16,1992,94,['France'],False,,[],Champigny-sur-Marne
Q97726709,Namnata Traoré,1992-11-28,1992,94,['France'],False,,[],Champigny-sur-Marne
Q21621807,Jordan Lefort,1993-08-09,1993,94,['France'],False,,[],Champigny-sur-Marne
Q23888023,Modibo Dembélé,1993-08-14,1993,94,"['France', 'Mali']",True,Sub-Saharan Africa,['Mali'],Thiais
Q60736941,Mohamad Sylla,1993-12-01,1993,94,"['France', 'Mali']",True,Sub-Saharan Africa,['Mali'],Ivry-sur-Seine
Q17422347,Pierre Bourdin,1994-01-06,1994,94,['France'],False,,[],Vincennes
Q98690975,Damon Bansais,1994-01-08,1994,94,['France'],False,,[],Villeneuve-Saint-Georges
Q56043369,Julio Donisa,1994-01-15,1994,,"['France', 'Madagascar']",True,Sub-Saharan Africa,['Madagascar'],L'Haÿ-les-Roses
Q61746761,Yanis Roumadi,1994-02-16,1994,,[],False,,[],Saint-Maurice
Q97727216,Aurore Paprzycki,1994-03-06,1994,94,['France'],False,,[],Nogent-sur-Marne
Q62027721,Thomas de Villardi,1994-03-27,1994,94,['France'],False,,[],Vincennes
Q87046812,Melissa Gomes,1994-04-27,1994,94,"['France', 'Portugal']",True,Portugal,['Portugal'],Nogent-sur-Marne
Q105077063,Gianni Seraf,1994-07-05,1994,94,['France'],False,,[],Thiais
Q57242311,Nicolas Taravel,1994-10-13,1994,94,['France'],False,,[],Nogent-sur-Marne
Q18685828,Damien Dussaut,1994-11-08,1994,94,['France'],False,,[],Créteil
Q3191779,Kadidiatou Diani,1995-04-01,1995,94,['France'],False,,[],Ivry-sur-Seine
Q18962,Adrien Rabiot,1995-04-03,1995,,['France'],False,,[],Saint-Maurice
Q18222657,Stéphane Lambese,1995-05-10,1995,94,"['France', 'Haïti']",True,Caribbean/Overseas,['Haïti'],Nogent-sur-Marne
Q20492585,Yanis Rahmani,1995-05-13,1995,94,['France'],False,,[],Champigny-sur-Marne
Q30328071,Thomas Ephestion,1995-06-09,1995,94,['France'],False,,[],Sucy-en-Brie
Q56253589,Ibrahim Sissoko,1995-11-27,1995,94,"['France', 'Mali']",True,Sub-Saharan Africa,['Mali'],Créteil
Q56192990,David Sambissa,1996-01-11,1996,,"['France', 'République démocratique du Congo', 'Gabon']",True,Sub-Saharan Africa,"['République démocratique du Congo', 'Gabon']",Saint-Maurice
Q118362615,Antoine Lemarié,1996-02-09,1996,94,['France'],False,,[],Thiais
Q51177041,Steve Shamal,1996-02-22,1996,94,['France'],False,,[],Ivry-sur-Seine
Q18210165,Nicolas Senzemba,1996-03-25,1996,94,['France'],False,,[],Champigny-sur-Marne
Q18921387,Jonathan Prank,1996-03-26,1996,94,"['France', ""Côte d'Ivoire""]",True,Sub-Saharan Africa,"[""Côte d'Ivoire""]",Alfortville
Q115664752,Steven Nsimba,1996-05-31,1996,94,"['France', 'République démocratique du Congo']",True,Sub-Saharan Africa,['République démocratique du Congo'],Ivry-sur-Seine
Q37467177,Malaly Dembélé,1997-06-17,1997,94,"['France', 'Mali']",True,Sub-Saharan Africa,['Mali'],Ivry-sur-Seine
Q26838057,Ihsan Sacko,1997-07-19,1997,94,['France'],False,,[],Alfortville
Q30303400,Gaïus Makouta,1997-07-25,1997,94,['France'],False,,[],Alfortville
Q64010965,Jérémy Mawatu,1997-08-12,1997,94,"['France', 'République démocratique du Congo']",True,Sub-Saharan Africa,['République démocratique du Congo'],Créteil
Q100166635,Willis Furtado,1997-09-04,1997,94,['Cap-Vert'],False,Sub-Saharan Africa,['Cap-Vert'],Ivry-sur-Seine
Q20738815,Jeff Reine-Adélaïde,1998-01-17,1998,94,['France'],False,,[],Champigny-sur-Marne
Q64009826,Djibril Diani,1998-02-01,1998,94,['France'],False,,[],Créteil
Q56064713,Coline Bouby,1998-08-14,1998,94,['France'],False,,[],Saint-Mandé
Q97729946,Kelly Gago,1999-01-05,1999,94,['France'],False,,[],Créteil
Q66432714,Yohan Bilingi,1999-02-01,1999,94,"['France', 'République démocratique du Congo']",True,Sub-Saharan Africa,['République démocratique du Congo'],Alfortville
Q103813547,Issiar Dramé,1999-02-16,1999,94,['France'],False,,[],Ivry-sur-Seine
Q59268317,Yan Valery,1999-02-22,1999,94,"['France', 'Tunisie']",True,Maghreb,['Tunisie'],Champigny-sur-Marne
Q90912756,Chloé Pierel,1999-03-27,1999,94,['France'],False,,[],Nogent-sur-Marne
Q30131952,Dan-Axel Zagadou,1999-06-03,1999,94,['France'],False,,[],Créteil
Q116985304,Lucas Larade,1999-06-26,1999,94,['France'],False,,[],Villeneuve-Saint-Georges
Q110703276,Jason Mbock,1999-11-01,1999,94,[],False,,[],Créteil
Q97750852,Kenza Allaoui,1999-11-02,1999,94,['France'],False,,[],Vitry-sur-Seine
Q121494430,Tim Jabol-Folcarelli,1999-12-06,1999,94,['France'],False,,[],Vitry-sur-Seine
Q107987207,Théo Emmanuelli,2000-01-01,2000,94,['France'],False,,[],Nogent-sur-Marne
Q77203641,Zinédine Ould Khaled,2000-01-14,2000,94,['France'],False,,[],Alfortville
Q53169936,Salah Bouzrara,2000-01-20,2000,94,['France'],False,,[],Ivry-sur-Seine
Q66432685,Dominique Youfeigane,2000-02-07,2000,,"['France', 'République centrafricaine']",True,Sub-Saharan Africa,['République centrafricaine'],Saint-Maurice
Q60286976,Maxence Lacroix,2000-04-06,2000,94,['France'],False,,[],Villeneuve-Saint-Georges
Q69948832,Garissone Innocent,2000-04-16,2000,94,"['France', 'Haïti']",True,Caribbean/Overseas,['Haïti'],Ivry-sur-Seine
Q59914804,Michel Adopo,2000-07-19,2000,94,['France'],False,,[],Villeneuve-Saint-Georges
Q53798193,Yacine Adli,2000-07-29,2000,94,"['France', 'Algérie']",True,Maghreb,['Algérie'],Vitry-sur-Seine
Q58323168,Gobe Gouano,2000-12-10,2000,94,"['France', ""Côte d'Ivoire""]",True,Sub-Saharan Africa,"[""Côte d'Ivoire""]",Ivry-sur-Seine
Q106962836,Erwan Belhadji,2001-01-01,2001,94,"['France', 'Sénégal']",True,Sub-Saharan Africa,['Sénégal'],Créteil
Q106588744,Kévin Mbala,2001-01-17,2001,94,"['France', 'République démocratique du Congo']",True,Sub-Saharan Africa,['République démocratique du Congo'],Villeneuve-Saint-Georges
Q108606228,Marvin Senaya,2001-01-28,2001,,['France'],False,,[],Saint-Maurice
Q108601088,Christopher Attys,2001-03-13,2001,,['France'],False,,[],Saint-Maurice
Q109337432,Hamed Karamoko Dramé,2001-06-13,2001,94,"['France', 'Mali']",True,Sub-Saharan Africa,['Mali'],Vitry-sur-Seine
Q106464850,Jacques Siwe,2001-07-29,2001,,"['France', 'Cameroun']",True,Sub-Saharan Africa,['Cameroun'],Saint-Maurice
Q117353407,Vicky Kiankaulua,2001-08-03,2001,94,"['France', 'République démocratique du Congo']",True,Sub-Saharan Africa,['République démocratique du Congo'],Ivry-sur-Seine
Q118289999,Sofiane Barroug,2001-11-15,2001,94,['France'],False,,[],Vitry-sur-Seine
Q66363768,Nathanaël Mbuku,2002-03-16,2002,94,"['France', 'République démocratique du Congo']",True,Sub-Saharan Africa,['République démocratique du Congo'],Villeneuve-Saint-Georges
Q99254464,Siriné Doucouré,2002-04-08,2002,94,"['France', 'Mali']",True,Sub-Saharan Africa,['Mali'],Nogent-sur-Marne
Q108111737,Bradley Locko,2002-05-06,2002,94,"['France', 'République du Congo']",True,Sub-Saharan Africa,['République du Congo'],Ivry-sur-Seine
Q77914122,Kélian Nsona,2002-05-11,2002,94,['France'],False,,[],Ivry-sur-Seine
Q116668691,Coli Saco,2002-05-15,2002,94,['France'],False,,[],Créteil
Q108113116,Thierno Baldé,2002-06-10,2002,94,['France'],False,,[],Villeneuve-Saint-Georges
Q98070852,Jade Le Guilly,2002-06-18,2002,94,['France'],False,,[],Nogent-sur-Marne
Q107637358,Yoann Cathline,2002-07-22,2002,94,['France'],False,,[],Champigny-sur-Marne
Q99672568,Dilane Bakwa,2002-08-26,2002,94,['France'],False,,[],Créteil
Q108200784,Jean-Claude Ntenda,2002-09-03,2002,94,"['France', 'République démocratique du Congo']",True,Sub-Saharan Africa,['République démocratique du Congo'],Champigny-sur-Marne
Q106359490,Ilyes Najim,2002-09-10,2002,94,['France'],False,,[],Villeneuve-Saint-Georges
Q96755704,Hannibal Mejbri,2003-01-21,2003,94,"['France', 'Tunisie']",True,Maghreb,['Tunisie'],Ivry-sur-Seine
Q105979851,Alvyn Sanches,2003-02-12,2003,94,['Suisse'],False,Other Europe,['Suisse'],Créteil
Q106677244,Lamine Cissé,2003-02-15,2003,94,['France'],False,,[],Créteil
Q114951053,Check Keita,2003-04-02,2003,94,"['France', 'Mali']",True,Sub-Saharan Africa,['Mali'],Champigny-sur-Marne
Q97349304,Lucas Gourna-Douath,2003-08-05,2003,94,['France'],False,,[],Villeneuve-Saint-Georges
Q98089759,Sarah Kassi,2003-09-09,2003,94,"['France', 'Maroc']",True,Maghreb,['Maroc'],Nogent-sur-Marne
Q98089770,Alice Sombath,2003-10-16,2003,94,['France'],False,,[],Charenton-le-Pont
Q110703062,Guédé Nadje,2003-11-12,2003,,"['France', ""Côte d'Ivoire""]",True,Sub-Saharan Africa,"[""Côte d'Ivoire""]",Saint-Maurice
Q127176276,Soumaïla Sylla,2004-03-15,2004,94,['Guinée'],False,Sub-Saharan Africa,['Guinée'],Ivry-sur-Seine
Q128143299,Wilson Samaké,2004-03-30,2004,94,['Mali'],False,Sub-Saharan Africa,['Mali'],Vitry-sur-Seine
Q123553184,Darling Bladi,2004-06-11,2004,94,"['France', ""Côte d'Ivoire""]",True,Sub-Saharan Africa,"[""Côte d'Ivoire""]",Créteil
Q112062533,Louna Ribadeira,2004-08-18,2004,94,['France'],False,,[],Villeneuve-Saint-Georges
Q114796991,Ayman Kari,2004-11-19,2004,94,"['France', 'Comores']",True,Comoros,['Comores'],Ivry-sur-Seine
Q127777858,Eden Le Guilly,2005-01-01,2005,94,['France'],False,,[],Nogent-sur-Marne
Q125213559,Trévis Dago,2005-01-21,2005,94,['France'],False,,[],Villeneuve-Saint-Georges
Q113495749,Steve Ngoura,2005-02-22,2005,94,"['France', 'Cameroun']",True,Sub-Saharan Africa,['Cameroun'],Ivry-sur-Seine
Q114456342,Ilyes Housni,2005-05-14,2005,94,"['France', 'Maroc']",True,Maghreb,['Maroc'],Créteil
Q110211916,El Chadaille Bitshiabu,2005-05-16,2005,94,['France'],False,,[],Villeneuve-Saint-Georges
Q112192579,Ayman Aiki,2005-06-25,2005,94,"['France', 'Burkina Faso']",True,Sub-Saharan Africa,['Burkina Faso'],Champigny-sur-Marne
Q121008173,Emran Soglo,2005-07-11,2005,94,"['France', 'Royaume-Uni']",True,,[],Créteil
Q112194423,Luzolo Vangi Vungele,2005-08-08,2005,94,['France'],False,,[],Ivry-sur-Seine
Q112039295,Leny Yoro,2005-11-13,2005,,['France'],False,,[],Saint-Maurice
Q119105102,Maeline Mendy,2006-01-01,2006,94,['France'],False,,[],Nogent-sur-Marne
Q127163628,Henry Camara,2006-05-06,2006,,['Guinée'],False,Sub-Saharan Africa,['Guinée'],Bonneuil-sur-Marne
Q118882666,Daouda Traoré,2006-07-22,2006,94,['France'],False,,[],Ivry-sur-Seine
Q2143679,Renaud Connen,1980-03-21,1980,77,['France'],False,,[],Melun
Q3490429,Sonia Haziraj,1980-06-15,1980,77,['France'],False,,[],Melun
Q16221554,Abdulfatah Safi,1981-05-23,1981,77,['France'],False,,[],Meaux
Q3499256,Steven Pelé,1981-08-28,1981,,['France'],False,,[],Brou-sur-Chantereine
Q60577,Yohann Pelé,1982-11-04,1982,,['France'],False,,[],Brou-sur-Chantereine
Q3963983,Sofiene Zaaboub,1983-01-23,1983,,['France'],False,,[],Montereau-Fault-Yonne
Q308080,Abderrahman Kabous,1983-04-24,1983,77,['Maroc'],False,Maghreb,['Maroc'],Meaux
Q27886,Landry Bonnefoi,1983-09-20,1983,75,['France'],False,,[],Villeparisis
Q722361,Jimmy Jones Tchana,1984-08-14,1984,,"['France', 'Cameroun']",True,Sub-Saharan Africa,['Cameroun'],Nemours
Q7029589,Nicolas Cousin,1985-07-11,1985,,['France'],False,,[],Nemours
Q3266125,Ludovic Gamboa,1986-01-14,1986,,"['France', 'Portugal']",True,Portugal,['Portugal'],Fontainebleau
Q764656,Geoffrey Jourdren,1986-02-04,1986,77,['France'],False,,[],Meaux
Q1101739,Olivier Nsiabamfumu,1986-03-17,1986,77,"['France', 'République démocratique du Congo']",True,Sub-Saharan Africa,['République démocratique du Congo'],Meaux
Q947068,Steven Mouyokolo,1987-01-24,1987,77,['France'],False,,[],Melun
Q60558,Granddi N'Goyi,1988-05-17,1988,77,"['France', 'République démocratique du Congo']",True,Sub-Saharan Africa,['République démocratique du Congo'],Melun
Q8062273,Yvan Kibundu,1989-03-26,1989,77,['France'],False,,[],Melun
Q3525174,Thomas Guerbert,1989-04-06,1989,77,['France'],False,,[],Meaux
Q5415930,Evans Kondogbia,1989-05-03,1989,,"['France', 'République centrafricaine']",True,Sub-Saharan Africa,['République centrafricaine'],Nemours
Q685385,Abdelaziz Barrada,1989-06-19,1989,,"['France', 'Maroc']",True,Maghreb,['Maroc'],Provins
Q799495,Wilfried Rother,1990-09-20,1990,,['France'],False,,[],Coulommiers
Q570983,Willy Boly,1991-02-03,1991,77,['France'],False,,[],Melun
Q2182188,Chris Mavinga,1991-05-26,1991,77,"['France', 'République démocratique du Congo']",True,Sub-Saharan Africa,['République démocratique du Congo'],Meaux
Q978459,Neeskens Kebano,1992-03-10,1992,,"['France', 'République démocratique du Congo']",True,Sub-Saharan Africa,['République démocratique du Congo'],Montereau-Fault-Yonne
Q65965744,Matthieu Guerbert,1992-03-20,1992,77,['France'],False,,[],Meaux
Q16234627,Bastien Héry,1992-03-23,1992,,['France'],False,,[],Brou-sur-Chantereine
Q123326756,Kévin Colin,1992-11-15,1992,77,['France'],False,,[],Lagny-sur-Marne
Q15080254,Marcel Tisserand,1993-01-10,1993,77,['France'],False,,[],Meaux
Q724147,Geoffrey Kondogbia,1993-02-15,1993,,"['France', 'République centrafricaine']",True,Sub-Saharan Africa,['République centrafricaine'],Nemours
Q5111830,Christopher Aboué,1993-03-12,1993,,['France'],False,,[],Fontainebleau
Q129027,Paul Pogba,1993-03-15,1993,77,['France'],False,,[],Lagny-sur-Marne
Q5112654,Christopher Jullien,1993-03-22,1993,77,['France'],False,,[],Lagny-sur-Marne
Q19259799,Kévin Koubemba,1993-03-23,1993,,"['France', 'République du Congo']",True,Sub-Saharan Africa,['République du Congo'],Coulommiers
Q6320095,Jérémie Bela,1993-04-08,1993,77,"['France', 'Angola', 'République démocratique du Congo']",True,Sub-Saharan Africa,"['Angola', 'République démocratique du Congo']",Melun
Q30116023,Abdallah Imamo,1993-04-19,1993,77,"['France', 'Comores']",True,Comoros,['Comores'],Savigny-le-Temple
Q72648,Lucas Digne,1993-07-20,1993,77,['France'],False,,[],Meaux
Q16235633,Formose Mendy,1993-10-08,1993,77,"['France', 'Guinée-Bissau', 'Sénégal']",True,Sub-Saharan Africa,"['Guinée-Bissau', 'Sénégal']",Lagny-sur-Marne
Q14780776,Jordan Ikoko,1994-02-03,1994,,"['France', 'République démocratique du Congo']",True,Sub-Saharan Africa,['République démocratique du Congo'],Montereau-Fault-Yonne
Q16229979,Marc-Aurèle Caillard,1994-05-12,1994,77,['France'],False,,[],Melun
Q18644501,Jeremi Kimmakon,1994-05-29,1994,77,['France'],False,,[],Lagny-sur-Marne
Q86041826,Lionnel Mpasi Nzau,1994-08-01,1994,77,"['France', 'République démocratique du Congo']",True,Sub-Saharan Africa,['République démocratique du Congo'],Meaux
Q20727747,Louis Nganioni,1995-06-03,1995,77,"['France', 'République démocratique du Congo']",True,Sub-Saharan Africa,['République démocratique du Congo'],Melun
Q19561331,Aristote Madiani,1995-08-22,1995,,['France'],False,,[],La Ferté-sous-Jouarre
Q18377918,Samed Kilic,1996-01-28,1996,77,['France'],False,,[],Pontault-Combault
Q66432228,Jayson Papeau,1996-06-30,1996,77,['France'],False,,[],Melun
Q133502830,Q133502830,1997-06-04,1997,77,['France'],False,,[],Melun
Q97597526,Teddy Bartouche,1997-06-05,1997,77,['France'],False,,[],Lagny-sur-Marne
Q26035058,Quentin Braat,1997-07-06,1997,,['France'],False,,[],Fontainebleau
Q121488381,Hisham Kasimu,1997-07-28,1997,77,"['France', 'Ghana']",True,Sub-Saharan Africa,['Ghana'],Lagny-sur-Marne
Q27662863,Ibrahima Sissoko,1997-10-27,1997,77,['France'],False,,[],Meaux
Q21693199,Christopher Nkunku,1997-11-14,1997,77,['France'],False,,[],Lagny-sur-Marne
Q21294584,Numan Bostan,1998-01-31,1998,,"['France', 'Turquie']",True,Other Europe,['Turquie'],Fontainebleau
Q58009990,Khamis Digol,1998-09-28,1998,77,"['France', 'République centrafricaine']",True,Sub-Saharan Africa,['République centrafricaine'],Melun
Q55281506,Habib Guèye,1999-03-08,1999,77,['Sénégal'],False,Sub-Saharan Africa,['Sénégal'],Meaux
Q97734877,Ella Palis,1999-03-24,1999,,['France'],False,,[],Brou-sur-Chantereine
Q29583088,Lamine Ghezali,1999-07-06,1999,77,"['France', 'Algérie']",True,Maghreb,['Algérie'],Lagny-sur-Marne
Q109603824,Brad Pirioua,2000-01-01,2000,77,"['France', 'République centrafricaine']",True,Sub-Saharan Africa,['République centrafricaine'],Lagny-sur-Marne
Q42907495,Oumar Solet,2000-02-07,2000,77,"['France', 'République centrafricaine', ""Côte d'Ivoire""]",True,Sub-Saharan Africa,"['République centrafricaine', ""Côte d'Ivoire""]",Melun
Q109923459,Pathy Malumandsoko,2000-05-11,2000,,['France'],False,,[],Fontainebleau
Q108601104,Imène El Ghazouani,2000-06-09,2000,77,"['France', 'Maroc']",True,Maghreb,['Maroc'],Melun
Q66432612,Godson Kyeremeh,2000-06-14,2000,77,"['France', 'Ghana']",True,Sub-Saharan Africa,['Ghana'],Melun
Q104444645,Maissane Kenzari,2000-08-09,2000,,['France'],False,,[],Tournan-en-Brie
Q80632180,Bryan Teixeira,2000-09-01,2000,77,"['France', 'Cap-Vert']",True,Sub-Saharan Africa,['Cap-Vert'],Savigny-le-Temple
Q123338583,Isaac Solet,2001-06-16,2001,77,"['France', ""Côte d'Ivoire"", 'République centrafricaine']",True,Sub-Saharan Africa,"[""Côte d'Ivoire"", 'République centrafricaine']",Melun
Q114355328,Ruben Providence,2001-07-07,2001,77,['France'],False,,[],Lagny-sur-Marne
Q110915812,Steven Goma,2001-11-15,2001,77,[],False,,[],Roissy-en-Brie
Q106456426,Andréas Hountondji,2002-07-11,2002,,"['France', 'Bénin']",True,Sub-Saharan Africa,['Bénin'],Montry
Q106916407,Marwa Hassani,2002-09-15,2002,,"['France', 'Maroc']",True,Maghreb,['Maroc'],Tournan-en-Brie
Q134707840,Aly-Enzo Hamon,2003-03-30,2003,,"['France', 'Rwanda']",True,Sub-Saharan Africa,['Rwanda'],Montereau-Fault-Yonne
Q127789159,Milhad Sadikou,2003-08-01,2003,77,"['France', 'Bénin']",True,Sub-Saharan Africa,['Bénin'],Lagny-sur-Marne
Q114758345,Aymeric Ahmed,2003-11-08,2003,,"['France', 'Comores']",True,Comoros,['Comores'],Brou-sur-Chantereine
Q113464781,Wilson Odobert,2004-11-28,2004,77,['France'],False,,[],Meaux
Q116447874,Fatima El Ghazouani,2005-05-11,2005,77,['France'],False,,[],Melun
Q114650493,Stanis Idumbo,2005-06-29,2005,77,[],False,,[],Melun
Q131675851,Bradel Kiwa,2006-02-05,2006,77,['France'],False,,[],Meaux
Q126727622,Julie Swierot,2006-03-14,2006,,['France'],False,,[],Tournan-en-Brie
Q3063648,Fabien Raddas,1980-03-07,1980,78,['France'],False,,[],Poissy
Q1369762,Olivier Thomert,1980-03-28,1980,78,['France'],False,,[],Versailles
Q3099858,Gaël Hiroux,1980-08-03,1980,78,['France'],False,,[],Versailles
Q944657,Sylvain Monsoreau,1981-03-20,1981,,['France'],False,,[],Saint-Cyr-l'École
Q2424710,Sébastien Mazurier,1981-04-13,1981,78,['France'],False,,[],Mantes-la-Jolie
Q652423,Olivier Fontenette,1982-01-13,1982,78,['France'],False,,[],Versailles
Q3357608,Othmane Hamama,1982-07-03,1982,78,['France'],False,,[],Rambouillet
Q3189248,Julie Morel,1982-08-06,1982,78,['France'],False,,[],Saint-Germain-en-Laye
Q350721,Houssine Kharja,1982-11-09,1982,78,"['France', 'Maroc']",True,Maghreb,['Maroc'],Poissy
Q937043,Hocine Ragued,1983-02-11,1983,78,"['France', 'Tunisie']",True,Maghreb,['Tunisie'],Saint-Germain-en-Laye
Q319180,Jérémie Aliadière,1983-03-30,1983,78,['France'],False,,[],Rambouillet
Q60421,Mounir Obbadi,1983-04-04,1983,,"['France', 'Maroc']",True,Maghreb,['Maroc'],Meulan-en-Yvelines
Q5612785,Grégory Rouchon,1983-09-24,1983,78,['France'],False,,[],Saint-Germain-en-Laye
Q3334685,Nabil Berkak,1984-01-13,1984,78,"['France', 'Maroc']",True,Maghreb,['Maroc'],Rambouillet
Q116570,Rémi Gomis,1984-02-14,1984,78,"['France', 'Guinée-Bissau', 'Sénégal']",True,Sub-Saharan Africa,"['Guinée-Bissau', 'Sénégal']",Versailles
Q431562,Medhi Lacen,1984-03-15,1984,78,"['France', 'Algérie']",True,Maghreb,['Algérie'],Versailles
Q509762,Laura Georges,1984-08-20,1984,78,['France'],False,,[],Le Chesnay
Q5888192,Guillaume Dumast,1985-04-10,1985,78,['France'],False,,[],Saint-Germain-en-Laye
Q219020,Oumar N'Diaye,1985-07-22,1985,78,"['France', 'Mauritanie']",True,Sub-Saharan Africa,['Mauritanie'],Mantes-la-Jolie
Q3114155,Walid Mesloub,1985-09-04,1985,78,"['France', 'Algérie']",True,Maghreb,['Algérie'],Trappes
Q314373,Moussa Sow,1986-01-19,1986,78,"['France', 'Sénégal']",True,Sub-Saharan Africa,['Sénégal'],Mantes-la-Jolie
Q123269551,Grégory Tomas,1986-04-05,1986,78,['France'],False,,[],Versailles
Q7614968,Steven Lecefel,1986-04-16,1986,78,['France'],False,,[],Trappes
Q8002023,Wilfried Louisy-Daniel,1986-05-29,1986,78,['France'],False,,[],Versailles
Q6809323,Mehdi Kacem,1986-08-08,1986,78,"['France', 'Algérie']",True,Maghreb,['Algérie'],Mantes-la-Jolie
Q2007476,Ismaël Gace,1986-09-19,1986,78,['France'],False,,[],Saint-Germain-en-Laye
Q127576,Christopher Oualembo,1987-01-31,1987,78,"['France', 'République du Congo', 'République démocratique du Congo']",True,Sub-Saharan Africa,"['République du Congo', 'République démocratique du Congo']",Saint-Germain-en-Laye
Q6169832,Jean-Philippe Mendy,1987-03-04,1987,78,['France'],False,,[],Élancourt
Q2301195,Loris Arnaud,1987-04-16,1987,78,['France'],False,,[],Saint-Germain-en-Laye
Q4773440,Anthony Scribe,1988-01-01,1988,78,['France'],False,,[],Saint-Germain-en-Laye
Q3351877,Omar Kossoko,1988-03-10,1988,78,['France'],False,,[],Mantes-la-Jolie
Q3340266,Nicolas Diguiny,1988-05-31,1988,78,['France'],False,,[],Saint-Germain-en-Laye
Q2759742,Maxime Barthelmé,1988-09-08,1988,78,['France'],False,,[],Sartrouville
Q16229711,Axel Bossekota,1989-04-19,1989,78,['Belgique'],False,Other Europe,['Belgique'],Versailles
Q5643991,Hamady Tamboura,1989-06-23,1989,78,"['France', 'Mali', 'Sénégal']",True,Sub-Saharan Africa,"['Mali', 'Sénégal']",Mantes-la-Jolie
Q16233096,Abdelaye Diakité,1990-01-08,1990,78,"['France', 'Mali']",True,Sub-Saharan Africa,['Mali'],Les Mureaux
Q6453703,Kévin Afougou,1990-01-26,1990,,['France'],False,,[],Aubergenville
Q112872166,Moussa Diarra,1990-02-04,1990,78,['France'],False,,[],Élancourt
Q702085,Damien Le Tallec,1990-04-19,1990,78,"['France', 'Russie']",True,Other Europe,['Russie'],Poissy
Q1188298,David Simão,1990-05-15,1990,78,['Portugal'],False,Portugal,['Portugal'],Versailles
Q6007420,Maxime Partouche,1990-06-05,1990,,['France'],False,,[],Vélizy-Villacoublay
Q1471654,Frédéric Vieillot,1990-09-07,1990,78,['France'],False,,[],Saint-Germain-en-Laye
Q7822233,Tony Diagne,1990-09-07,1990,,['France'],False,,[],Aubergenville
Q17385980,Grégory Gomis,1990-11-04,1990,78,"['France', 'Guinée-Bissau']",True,Sub-Saharan Africa,['Guinée-Bissau'],Versailles
Q16230056,Nicolas Caraux,1991-03-04,1991,78,['France'],False,,[],Versailles
Q128966,Kama Massampu,1991-12-26,1991,78,['France'],False,,[],Mantes-la-Jolie
Q8078216,Élie Ehua,1992-01-16,1992,,['France'],False,,[],Saint-Cyr-l'École
Q121031646,Jordan Gele,1992-09-06,1992,78,"['France', 'République démocratique du Congo']",True,Sub-Saharan Africa,['République démocratique du Congo'],Houilles
Q970858,Massadio Haïdara,1992-12-02,1992,78,['France'],False,,[],Trappes
Q13427925,Abdoulaye Doucouré,1993-01-01,1993,,['France'],False,,[],Meulan-en-Yvelines
Q13882431,Youssouf Sabaly,1993-03-05,1993,78,"['France', 'Sénégal']",True,Sub-Saharan Africa,['Sénégal'],Le Chesnay
Q6320230,Jérôme Phojo,1993-04-15,1993,78,['France'],False,,[],Poissy
Q5984707,Ibrahim Sacko,1993-05-24,1993,,['France'],False,,[],Meulan-en-Yvelines
Q17686992,Mory Diaw,1993-06-22,1993,78,"['France', 'Sénégal']",True,Sub-Saharan Africa,['Sénégal'],Poissy
Q55315014,Rashad Muhammed,1993-09-25,1993,78,"['France', 'Nigeria']",True,Sub-Saharan Africa,['Nigeria'],Saint-Germain-en-Laye
Q97735759,Andréa Lardez,1994-01-23,1994,78,['France'],False,,[],Poissy
Q19662964,Omenuke Mfulu,1994-03-20,1994,78,"['France', 'République démocratique du Congo']",True,Sub-Saharan Africa,['République démocratique du Congo'],Poissy
Q7095509,Opa Nguette,1994-07-08,1994,78,"['France', 'Sénégal']",True,Sub-Saharan Africa,['Sénégal'],Mantes-la-Jolie
Q39091345,Tevi Steve Lawson,1994-08-08,1994,78,"['France', 'Togo']",True,Sub-Saharan Africa,['Togo'],Mantes-la-Jolie
Q104444307,Manon Dantin,1994-11-29,1994,,['France'],False,,[],Aubergenville
Q26522,Mbaye Niang,1994-12-19,1994,,"['France', 'Sénégal']",True,Sub-Saharan Africa,['Sénégal'],Meulan-en-Yvelines
Q19894209,Antoine Batisse,1995-01-13,1995,78,['France'],False,,[],Versailles
Q77029910,Christy Manzinga,1995-01-31,1995,78,"['France', 'République démocratique du Congo']",True,Sub-Saharan Africa,['République démocratique du Congo'],Saint-Germain-en-Laye
Q105077159,Mohamed Chemlal,1995-02-08,1995,78,['France'],False,,[],Mantes-la-Jolie
Q15084554,Georges-Kévin Nkoudou,1995-02-13,1995,78,"['France', 'Cameroun']",True,Sub-Saharan Africa,['Cameroun'],Versailles
Q20641306,Nicolas Pépé,1995-05-29,1995,78,['France'],False,,[],Mantes-la-Jolie
Q23884186,Ferland Mendy,1995-06-08,1995,,['France'],False,,[],Meulan-en-Yvelines
Q58009973,Kelly Irep,1995-09-01,1995,78,['France'],False,,[],Mantes-la-Jolie
Q113557067,Yannick Gbessi,1995-12-16,1995,78,['France'],False,,[],Versailles
Q64526814,Djenaba Baradji,1995-12-16,1995,78,['Mali'],False,Sub-Saharan Africa,['Mali'],Mantes-la-Jolie
Q29511473,Harouna Sy,1996-03-30,1996,78,"['France', 'Sénégal']",True,Sub-Saharan Africa,['Sénégal'],Mantes-la-Jolie
Q59656163,Oualid Mamoun,1996-04-03,1996,78,['France'],False,,[],Mantes-la-Jolie
Q47519835,Antoine Léautey,1996-04-16,1996,78,['France'],False,,[],Versailles
Q115678132,Bryan Goncalves,1996-07-19,1996,,"['France', 'Portugal']",True,Portugal,['Portugal'],Maisons-Laffitte
Q1101455,Neal Maupay,1996-08-14,1996,78,"['France', 'Argentine']",True,,[],Versailles
Q23762670,Roli Pereira de Sa,1996-12-10,1996,78,"['France', 'République démocratique du Congo']",True,Sub-Saharan Africa,['République démocratique du Congo'],Mantes-la-Jolie
Q35124488,Fodé Ballo-Touré,1997-01-03,1997,78,"['France', 'Mali', 'Sénégal']",True,Sub-Saharan Africa,"['Mali', 'Sénégal']",Conflans-Sainte-Honorine
Q131200265,Harold Voyer,1997-03-26,1997,78,['France'],False,,[],Saint-Germain-en-Laye
Q21055151,Enock Kwateng,1997-04-09,1997,78,"['France', 'Ghana']",True,Sub-Saharan Africa,['Ghana'],Mantes-la-Jolie
Q60532861,Ryan Bidounga,1997-04-29,1997,78,['France'],False,,[],Rambouillet
Q98069177,Bénédicte Simon,1997-06-02,1997,78,['France'],False,,[],Mantes-la-Jolie
Q50134202,Joakim Balmy,1997-09-17,1997,78,['France'],False,,[],Mantes-la-Jolie
Q104444661,Leïla Djoudi,1998-02-23,1998,78,['France'],False,,[],Mantes-la-Jolie
Q66585809,Jonathan Bumbu,1999-02-11,1999,78,['France'],False,,[],Mantes-la-Jolie
Q46258476,Stanley N'Soki,1999-04-09,1999,78,['France'],False,,[],Poissy
Q27663808,Mattéo Guendouzi,1999-04-14,1999,78,['France'],False,,[],Poissy
Q61415411,Virgil Gomis,1999-04-16,1999,,['France'],False,,[],Limay
Q58010357,Ismaïl Aaneba,1999-05-29,1999,78,"['France', 'Maroc']",True,Maghreb,['Maroc'],Mantes-la-Jolie
Q115466254,Maël Durand de Gevigney,1999-09-21,1999,78,['France'],False,,[],Poissy
Q81746003,Sami Matoug,1999-11-12,1999,78,['France'],False,,[],Versailles
Q99485465,Manuel Semedo,2000-01-20,2000,,['Portugal'],False,Portugal,['Portugal'],Maisons-Laffitte
Q106887341,François Mendy,2000-04-05,2000,78,['France'],False,,[],Trappes
Q100989422,Lucas Bernadou,2000-09-24,2000,78,['France'],False,,[],Le Chesnay
Q105426947,Tom Rapnouil,2001-02-09,2001,78,['France'],False,,[],Poissy
Q110849370,Lamine Sy,2002-01-01,2002,78,['France'],False,,[],Les Mureaux
Q121085735,Soiyir Sanali,2002-01-20,2002,78,"['France', 'Comores']",True,Comoros,['Comores'],Poissy
Q132860783,Kenji Mboma Dem,2002-01-22,2002,78,['France'],False,,[],Mantes-la-Jolie
Q125728886,Yassin Belkhdim,2002-02-14,2002,,['France'],False,,[],Meulan-en-Yvelines
Q66424662,Enzo Millot,2002-07-17,2002,78,['France'],False,,[],Le Chesnay
Q116691619,Antoine Joujou,2003-03-12,2003,78,['France'],False,,[],Mantes-la-Jolie
Q107988704,Tanguy Zoukrou,2003-05-07,2003,78,['France'],False,,[],Le Chesnay
Q118884221,Joan Tincres,2006-06-17,2006,78,['France'],False,,[],Mantes-la-Jolie
Q118611120,Tidiam Gomis,2006-08-08,2006,,['France'],False,,[],Meulan-en-Yvelines
Q131717489,Naoufel El Hannach,2006-12-07,2006,78,['Maroc'],False,Maghreb,['Maroc'],Poissy
Q59390957,Julien Stéphan,1980-09-18,1980,,['France'],False,,[],Rennes
Q6169603,Jean-Marie David,1982-01-13,1982,,['France'],False,,[],Rennes
Q3009959,Cédric Vanoukia,1982-04-20,1982,,['France'],False,,[],Rennes
Q118276760,Kévin Aubry,1984-01-16,1984,,['France'],False,,[],Rennes
Q2295663,Johann Ramaré,1984-06-05,1984,,['France'],False,,[],Rennes
Q104444238,Coralie Chevalier,1984-09-10,1984,,['France'],False,,[],Rennes
Q450725,Camille Abily,1984-12-05,1984,,['France'],False,,[],Rennes
Q1752519,Aurélien Montaroup,1985-12-19,1985,,['France'],False,,[],Rennes
Q923855,Fabien Lemoine,1987-03-16,1987,,['France'],False,,[],Fougères
Q17388739,Sébastien Etiemble,1987-10-22,1987,,['France'],False,,[],Rennes
Q3302625,Maxime Le Marchand,1989-10-11,1989,,['France'],False,,[],Saint-Malo
Q4820118,Audrey Février,1990-07-02,1990,,['France'],False,,[],Saint-Malo
Q64009508,Loïc Mbang Ondo,1990-10-05,1990,,[],False,,[],Rennes
Q21055192,Victor Nirennold,1991-04-05,1991,,['France'],False,,[],Rennes
Q3241452,Lindsay Rose,1992-02-08,1992,,"['France', 'Maurice']",True,Sub-Saharan Africa,['Maurice'],Rennes
Q24452215,Vincent Dorel,1992-03-21,1992,,['France'],False,,[],Rennes
Q66363118,Pierre Lemonnier,1993-01-01,1993,,['France'],False,,[],Rennes
Q18638029,Eliott Sorin,1993-03-01,1993,,['France'],False,,[],Rennes
Q15789834,Briac Menoret,1994-11-24,1994,,['France'],False,,[],Rennes
Q97735755,Anais Hatchi,1995-03-14,1995,,['France'],False,,[],Saint-Malo
Q17517149,Pierre Lavenant,1995-03-24,1995,,['France'],False,,[],Saint-Malo
Q22003426,Hugo Boumous,1995-07-24,1995,,"['France', 'Maroc']",True,Maghreb,['Maroc'],Rennes
Q23894623,Thibaut Cillard,1995-12-23,1995,,['France'],False,,[],Rennes
Q20925186,Maxime Pattier,1996-02-12,1996,,['France'],False,,[],Vitré
Q51183691,Pierre Magnon,1996-05-09,1996,,['France'],False,,[],Saint-Malo
Q18637380,Cyriack Garel,1996-07-13,1996,,['France'],False,,[],Rennes
Q108293769,Béni Nkololo,1996-11-06,1996,,"['France', 'République démocratique du Congo']",True,Sub-Saharan Africa,['République démocratique du Congo'],Rennes
Q20089305,Nicolas Janvier,1998-08-11,1998,,['France'],False,,[],Saint-Malo
Q109914274,Samia Fikri,1999-08-02,1999,,"['France', 'Maroc']",True,Maghreb,['Maroc'],Rennes
Q98755203,Mathis Picouleau,2000-05-08,2000,,['France'],False,,[],Rennes
Q50380422,Steven N'Guessan,2000-07-29,2000,,['France'],False,,[],Rennes
Q58484930,Wilson Isidor,2000-08-27,2000,,['France'],False,,[],Rennes
Q110624600,Baptiste Mouazan,2001-09-27,2001,,['France'],False,,[],Rennes
Q106962861,Sacha Delaye,2002-04-23,2002,,['France'],False,,[],Rennes
Q110385369,Junior Kadile,2002-12-16,2002,,"['France', 'République démocratique du Congo']",True,Sub-Saharan Africa,['République démocratique du Congo'],Rennes
Q117208045,Arthur Atta,2003-01-14,2003,,"['France', 'Bénin']",True,Sub-Saharan Africa,['Bénin'],Rennes
Q121724288,William Benard,2003-04-27,2003,,['France'],False,,[],Vitré
Q124097957,Clinton Nsiala,2004-01-17,2004,,"['France', 'République démocratique du Congo']",True,Sub-Saharan Africa,['République démocratique du Congo'],Rennes
Q106371561,Brahim Traoré,2004-02-04,2004,,['France'],False,,[],Rennes
Q105722272,Océane Hurtré,2004-02-17,2004,,['France'],False,,[],Rennes
Q106366721,Lesley Ugochukwu,2004-03-26,2004,,['France'],False,,[],Rennes
Q136093633,Franck Tchaouna,2005-09-09,2005,,[],False,,[],Rennes
Q121926210,Chouaïb Jikouni,2006-01-05,2006,,"['France', 'Maroc']",True,Maghreb,['Maroc'],Saint-Grégoire
